scheme_id,scheme_name,target_occupations,min_age,max_age,income_cap,eligible_states,tags,benefit_summary,apply_link,required_documents
SCH001,PM-KISAN,farmer,18,120,200000,all,farming|income-support,Direct income support installments for small and marginal farmers.,https://pmkisan.gov.in,aadhaar|bank passbook|land record
SCH002,Kisan Credit Card,farmer,18,75,-1,all,farming|credit,Short-term and medium-term institutional credit for farming and allied activities.,https://www.myscheme.gov.in/schemes/kcc,aadhaar|land record|bank account
SCH003,Pradhan Mantri Fasal Bima Yojana,farmer,18,120,-1,all,farming|insurance,Crop insurance against weather risk and yield loss.,https://pmfby.gov.in,aadhaar|land record|bank account
SCH004,National Scholarship Portal Schemes,student,16,35,800000,all,education|scholarship,Central and state scholarships for eligible students through one platform.,https://scholarships.gov.in,aadhaar|income certificate|student id
SCH005,PM Vidyalaxmi,student,17,40,-1,all,education|loan,Education loan support for higher studies with simplified access.,https://www.myscheme.gov.in,school documents|identity proof|income certificate
SCH006,Pradhan Mantri Mudra Yojana,msme|self-employed,18,65,-1,all,business|loan,Collateral-free loans for micro and small enterprises under Shishu Kishor Tarun categories.,https://www.mudra.org.in,aadhaar|business proof|bank statement
SCH007,PMEGP,msme|entrepreneur,18,60,-1,all,business|employment,Margin money subsidy for setting up micro enterprises in manufacturing and services.,https://www.kviconline.gov.in,aadhaar|project report|bank account
SCH008,Stand-Up India,msme|entrepreneur,18,65,-1,all,business|loan,Bank loans for SC ST and women entrepreneurs for greenfield enterprises.,https://www.standupmitra.in,aadhaar|business plan|category certificate
SCH009,Ayushman Bharat PM-JAY,all,0,120,500000,all,health|insurance,Health coverage support for eligible low-income families.,https://pmjay.gov.in,aadhaar|ration card|family details
SCH010,Pradhan Mantri Jeevan Jyoti Bima Yojana,all,18,50,-1,all,insurance|life,Low-cost life insurance cover linked to bank account.,https://www.jansuraksha.gov.in,aadhaar|bank account
SCH011,Pradhan Mantri Suraksha Bima Yojana,all,18,70,-1,all,insurance|accident,Affordable accidental insurance cover linked to bank account.,https://www.jansuraksha.gov.in,aadhaar|bank account
SCH012,Atal Pension Yojana,worker|self-employed|all,18,40,-1,all,pension|retirement,Contributory pension scheme for workers in unorganized sector.,https://www.npscra.nsdl.co.in/scheme-details.php,aadhaar|bank account|mobile number
SCH013,Senior Citizens Savings Scheme,senior citizen|retired,60,100,-1,all,senior|savings,Government-backed savings scheme with regular interest payout for senior citizens.,https://www.indiapost.gov.in,age proof|identity proof|address proof
SCH014,National Social Assistance Programme,senior citizen|widow|disabled,40,100,120000,all,senior|social-security,Pension and social assistance support for vulnerable households.,https://nsap.nic.in,aadhaar|income certificate|residence proof
SCH015,Skill India Mission,student|professional|worker,18,45,-1,all,skill|employment,Short-term and long-term skill training for better employment opportunities.,https://www.skillindia.gov.in,aadhaar|education certificate|bank account
SCH016,Digital India Internship,student,18,30,-1,all,education|digital,Internship opportunities to build digital governance and policy skills.,https://www.mygov.in,aadhaar|resume|education proof
SCH017,Odisha KALIA Scheme,farmer,18,70,200000,odisha,farming|state-scheme,State-level livelihood and cultivation support for eligible farmers.,https://kalia.odisha.gov.in,aadhaar|land record|bank account
SCH018,Mukhyamantri Yuva Swarozgar Yojana,entrepreneur|msme,18,40,1200000,madhya pradesh,business|state-scheme,Loan and subsidy support for youth-led self-employment ventures.,https://msme.mponline.gov.in,aadhaar|project report|residence proof
SCH019,Startup India Seed Fund,entrepreneur|msme|professional,18,60,-1,all,startup|innovation,Seed support route for recognized startups through incubators.,https://www.startupindia.gov.in,startup recognition|pitch deck|incubator letter
SCH020,National Apprenticeship Promotion Scheme,student|professional,18,45,-1,all,skill|employment,Stipend support and apprenticeship opportunities with industry partners.,https://www.apprenticeshipindia.gov.in,aadhaar|education proof|bank account
